"CpG","p_value","FDR_pval","bonferroni_pval","PC10_pValue_C4"
"cg00027745",2.52799343730845e-06,0.00607495967755896,1,0.240658160546629
"cg00078299",4.22024895621485e-05,0.0355789881668711,1,0.355766293458732
"cg00080060",8.23374680277308e-05,0.0481664643769905,1,0.311082636594072
"cg00099295",2.33083988281184e-05,0.0260985128507532,1,0.324432031482574
"cg00109062",3.27383299537013e-05,0.0314051524061422,1,0.0228654165183424
"cg00123762",5.07861779411657e-05,0.0388784453723693,1,0.866355523100424
"cg00133595",1.04737000411253e-05,0.0153551359197264,1,0.274116090348678
"cg00134041",7.39747538509165e-05,0.0459498601224274,1,0.528893786676294
"cg00257704",6.24438318501103e-05,0.0427531481550985,1,0.479684063943826
"cg00267286",5.95691210639435e-05,0.0419708047332734,1,0.835801762220438
"cg00330929",5.56502129925678e-08,0.000319031629441946,0.0259446301490521,0.607906841053085
"cg00390945",9.20772534955039e-06,0.0139489111252428,1,0.69031540380007
"cg00409917",6.39013736026036e-05,0.0429890266751749,1,0.482673969320104
"cg00416386",1.35027095468978e-07,0.000635867142944413,0.0629508471514969,0.476524822677189
"cg00418150",1.06096955723199e-05,0.0154390486102219,1,0.809533958453002
"cg00514307",4.10480722615321e-06,0.00832042640042462,1,0.0275653578771801
"cg00533585",3.53158347023463e-05,0.032354178139529,1,0.0796614946213595
"cg00549566",6.28262123496713e-05,0.0427531481550985,1,0.738316119180192
"cg00601311",2.32370936813698e-05,0.0260985128507532,1,0.465788687737879
"cg00654888",1.46495170253098e-14,6.20885152986606e-10,6.82973668285266e-09,0.411584362874452
"cg00666978",7.24357265796228e-05,0.0455123822816164,1,0.21442665953782
"cg00702837",4.76852967832959e-05,0.0376328802335778,1,0.47024940667713
"cg00732428",2.30545232590656e-05,0.0260879277526352,1,0.762200897346453
"cg00733978",5.42587013806188e-14,2.10799124266308e-09,2.52958949119569e-08,0.92740805801339
"cg00744187",1.38883831650924e-05,0.0182274712790008,1,0.0560182752931158
"cg00756748",3.32390482498777e-06,0.00727527861292359,1,0.996784593027067
"cg00770471",8.66843180263293e-07,0.00278710408432669,0.404130092227369,0.669633683077561
"cg00838919",6.62786886712243e-05,0.0436059784863928,1,0.9208245790131
"cg00853068",4.47240311964665e-06,0.00879778306332213,1,0.732725187918408
"cg00871453",9.86850439227255e-09,7.78851386963816e-05,0.00460078556421699,0.381180670117943
"cg00872932",2.71558665496835e-05,0.0282519093383844,1,0.600755835948615
"cg00875476",1.79460595568228e-05,0.022192611352591,1,0.295080833414654
"cg00876541",3.54520153012299e-06,0.00754281247285365,1,0.00521083457749624
"cg00887511",5.14784649215211e-06,0.00948073569506925,1,0.688157930487831
"cg00927777",7.07786842259541e-05,0.0450541946049148,1,0.164247882824932
"cg00946992",3.24046976784031e-05,0.0312135572313029,1,0.812277229684329
"cg00968167",4.52886630158727e-06,0.00883430221588576,1,0.544426929382382
"cg00988841",1.57981659214632e-05,0.0201236260548619,1,0.588622590941865
"cg01019028",8.48456584221599e-05,0.0490158730698101,1,0.358963453290841
"cg01025604",1.48232908623305e-06,0.00429687526123232,0.691075160963624,0.0701716463084348
"cg01043134",6.92649100924591e-06,0.0116158001688112,1,0.441363509002734
"cg01077469",2.0187662920085e-07,0.000855251090875519,0.0941167014230991,0.396985260024624
"cg01084722",1.90928121590071e-07,0.000820488458952118,0.0890124086383855,0.395582001767127
"cg01168028",5.90070383680252e-05,0.0419708047332734,1,0.116453760330143
"cg01174786",1.71362160111204e-06,0.00468287891062499,0.798905813032842,0.454570544051326
"cg01199888",5.04073008320683e-05,0.0387161988633918,1,0.772145014609884
"cg01241836",5.6048994880117e-06,0.0100117033923619,1,0.70017014816303
"cg01258793",4.86407311157524e-05,0.0379209809577656,1,0.231178558345827
"cg01268383",7.19659505188478e-05,0.0454622951564248,1,0.701366135882415
"cg01282269",3.06509882031899e-06,0.00703929387153742,1,0.825376810600722
"cg01299925",7.717246211657e-07,0.0025336969289369,0.35978496390904,0.183961481587049
"cg01302240",5.15773008990028e-07,0.00183074555266518,0.240458018748232,0.375225650898785
"cg01336231",5.91792844571966e-05,0.0419708047332734,1,0.967003470554923
"cg01354782",2.61502144673276e-05,0.0275202377801316,1,0.386625596761844
"cg01378578",7.97321828377567e-06,0.012606891833634,1,0.10989864131592
"cg01454528",5.16859506848051e-06,0.00948073569506925,1,0.129896182610879
"cg01469719",2.65978411841854e-08,0.000161040947281012,0.0124001529406379,0.297354943269328
"cg01471802",4.77840875172106e-05,0.0376328802335778,1,0.171851152537065
"cg01493009",1.90046410476009e-05,0.0231335109612558,1,0.193474216387361
"cg01537665",2.55424108071429e-08,0.000156685549999833,0.0119081017999873,0.824247938842097
"cg01545587",7.22700571581654e-05,0.0455100681133809,1,0.852050454610918
"cg01576531",3.57556708793836e-06,0.00754281247285365,1,0.243642919747842
"cg01667493",4.04043113469178e-05,0.0343867878479173,1,0.676963216310733
"cg01678790",7.77112766726261e-05,0.0470515540081407,1,0.0429472851824971
"cg01730970",4.85093606119123e-09,4.26707556632434e-05,0.0022615500501519,0.409954921949881
"cg01761409",5.18967764477865e-05,0.0391481672601881,1,0.664431301648363
"cg01783736",1.17564693897502e-05,0.0163611099633614,1,0.367291618373313
"cg01791034",6.66786224071145e-07,0.00228574807895577,0.310861738737984,0.408331946663083
"cg01792403",1.06530555710556e-06,0.00335577728697721,0.496655038472627,0.589486059922153
"cg01800926",3.77058005157742e-05,0.0334234350552108,1,0.966727791156169
"cg01887353",2.58801458830363e-05,0.0274631311925208,1,0.537878844938907
"cg01909777",3.42111145908297e-05,0.0322864970086561,1,0.99137489113642
"cg01932361",4.60248036223551e-06,0.00890339322488571,1,0.668387647149104
"cg01936319",1.88995130828265e-07,0.000820488458952118,0.0881112309483146,0.968411442912428
"cg01954531",3.73967076213581e-05,0.0334234350552108,1,0.338269593138526
"cg01981354",2.46269751123347e-05,0.0267007382328988,1,0.621684585453706
"cg01985186",1.74294176790191e-06,0.00472427406204524,0.812575138671781,0.669314251038617
"cg02052142",7.55938171864009e-05,0.0463717341008615,1,0.225516031500397
"cg02065795",6.95118231697883e-05,0.0448466583098236,1,0.969658867997674
"cg02086742",1.25465028970087e-07,0.00059686658868485,0.0584929256911153,0.397541365084897
"cg02102424",1.16389262943729e-05,0.0163611099633614,1,0.629632669907318
"cg02163322",3.57525280699663e-12,7.93721445665281e-08,1.66681503589709e-06,0.443184969036195
"cg02219117",2.36150026393341e-07,0.000965747961884325,0.110095267654813,0.176482157629117
"cg02227036",7.70789435044559e-06,0.0123064716343387,1,0.365003028702136
"cg02255104",5.24525396343983e-05,0.0391888558500211,1,0.656668067469474
"cg02280859",1.27809199774244e-05,0.0173214532609158,1,0.904295581124055
"cg02289168",4.32706967544149e-05,0.0359593373675205,1,0.737986194052308
"cg02298862",3.9242892110212e-05,0.0339432086972353,1,0.889360130975225
"cg02310229",2.17044857438901e-05,0.0251087508540279,1,0.763828806612866
"cg02313795",3.14084608208229e-06,0.00708678639562198,1,0.64258630286439
"cg02381898",4.77868618972995e-05,0.0376328802335778,1,0.653225122357732
"cg02406148",4.80882700725306e-06,0.00918819028780509,1,0.865541954752605
"cg02443483",1.34536385368438e-06,0.00396975149912875,0.627220736862342,0.562775486813722
"cg02490453",2.42371784068025e-05,0.0266382560292252,1,0.00303797629048625
"cg02500300",7.18377712770077e-06,0.0117513738629061,1,0.572258572466953
"cg02509027",6.62424938672058e-05,0.0436059784863928,1,0.917780609788202
"cg02600099",4.15747209508087e-05,0.0352278415903664,1,0.232507381543038
"cg02602699",6.28177056011813e-05,0.0427531481550985,1,0.340151598261603
"cg02609692",9.91293668338096e-06,0.0147181538159948,1,0.230676084945178
"cg02647042",5.58345111410098e-06,0.0100117033923619,1,0.916623437661434
"cg02656049",6.35904931269396e-08,0.000352934050121636,0.0296464602102174,0.29557704582556
"cg02669225",3.46592060522858e-05,0.0323168675888602,1,0.0622385432946435
"cg02671421",1.30530687080395e-05,0.0175373432544852,1,0.673685610163409
"cg02693125",2.43407936535973e-05,0.0266382560292252,1,0.367885610065178
"cg02712845",3.82155250109163e-05,0.0336158899996496,1,0.889248455126736
"cg02726739",3.38006424892743e-05,0.0319638209620326,1,0.73229226491418
"cg02745636",6.37941478476429e-05,0.0429890266751749,1,0.936645338210436
"cg02748427",1.3722621277394e-05,0.0181235397821886,1,0.397006571250668
"cg02934718",2.13526833914923e-05,0.024960184934624,1,0.528613843195512
"cg02946885",1.71179093717037e-05,0.0213955051213742,1,0.942484756006467
"cg02951344",1.35233195895633e-11,2.62695554272114e-07,6.30469330253073e-06,0.235661499648034
"cg03059420",9.69585483778593e-07,0.00309609232059544,0.452029478806934,0.343075450251485
"cg03072385",9.09271707145289e-06,0.0138987099448032,1,0.43372206583611
"cg03119731",7.46549928086603e-06,0.0120431936132639,1,0.142042871724338
"cg03136712",5.3330898278572e-05,0.0394656265961187,1,0.662501608817728
"cg03160342",6.17229789567417e-05,0.0426012575524202,1,0.980695380145258
"cg03222868",3.79080857947482e-05,0.033535276603954,1,0.686095825942976
"cg03232051",1.64685336888321e-05,0.0208568357781412,1,0.540832593529914
"cg03235761",7.29042534506196e-05,0.0456836278184945,1,0.375481889384685
"cg03256601",6.96754741413069e-05,0.044866482215393,1,0.845305548686423
"cg03311232",2.85261221398146e-06,0.00661648501327404,1,0.510681865547497
"cg03315476",8.2130321858731e-05,0.0481664643769905,1,0.342943784620427
"cg03365548",6.34808563606426e-05,0.0428918066130997,1,0.351786907469633
"cg03372174",6.6251870043983e-05,0.0436059784863928,1,0.732784362454305
"cg03383158",4.74590584955587e-05,0.0376289799356393,1,0.953893753460732
"cg03432225",4.6009416720719e-05,0.0371666167409399,1,0.740587512456593
"cg03490331",5.92213099288624e-05,0.0419708047332734,1,0.59576300058474
"cg03501454",6.89455059044282e-05,0.0446660950989628,1,0.882064255136243
"cg03512392",6.58686691349668e-05,0.0436059784863928,1,0.423499766090187
"cg03515060",1.2019751854842e-08,8.7413002850466e-05,0.00560371649249402,0.113576638088121
"cg03549412",4.29481748488306e-06,0.00859348740261736,1,0.343106864268282
"cg03637769",1.95753015904612e-08,0.000130374025416962,0.00912618177918731,0.500297528973773
"cg03670994",3.75412101001096e-06,0.00781341518730446,1,0.508547943363286
"cg03671013",4.64613484392477e-05,0.0373470512849891,1,0.719645389230168
"cg03703171",1.11018778526487e-06,0.00347368816899699,0.517579537180551,0.196338569224418
"cg03709307",5.66233072734817e-05,0.0409275898614924,1,0.481973331454931
"cg03771185",8.30280453136473e-05,0.0483251210706994,1,0.889175127562604
"cg03774288",1.17643624713904e-08,8.70579629114993e-05,0.00548465166342446,0.0696556856079027
"cg03788731",5.63192144540082e-05,0.0408577707213021,1,0.654620228223486
"cg03814389",1.23397549523135e-05,0.0169702206978263,1,0.206351675872015
"cg03818992",7.1957150287538e-07,0.00242753467020985,0.335470710784028,0.826821010797168
"cg03822858",7.10971051342005e-06,0.0117124064620178,1,0.448325025162659
"cg03836573",3.98059017898225e-05,0.034176555557148,1,0.0600563450491126
"cg03909472",4.89821731896362e-06,0.00932078774717024,1,0.949538058203534
"cg03921357",6.28328076561343e-06,0.010905491448033,1,0.600875806925338
"cg03937290",5.19006514694885e-05,0.0391481672601881,1,0.0349677872549869
"cg03940153",4.95596226974698e-05,0.0383806347810045,1,0.93021483153499
"cg03943509",1.2569127150716e-05,0.0171636812183521,1,0.544645990817349
"cg03962769",3.23530231642427e-06,0.00713890416189174,1,0.625532491271731
"cg03989610",6.1177553884435e-05,0.0424386184350665,1,0.255546827825149
"cg04049542",1.60421455124141e-06,0.00453272279830126,0.747899261719708,0.589600755741861
"cg04073039",6.95484942547279e-05,0.0448466583098236,1,0.114447321324299
"cg04185041",5.00358735326068e-05,0.0385770992890855,1,0.959258717446213
"cg04205664",1.56767964462405e-06,0.00445650219171057,0.730866359440534,0.96649546403406
"cg04213089",1.19524043288975e-07,0.000574465821625874,0.0557231846977098,0.546317161769368
"cg04306024",5.5358667793822e-05,0.0405160269285557,1,0.841526630070752
"cg04324126",6.05149941521162e-07,0.00210542051557193,0.282126349086639,0.173846823869304
"cg04349219",2.55190078752425e-05,0.0272337898898329,1,0.866919295451599
"cg04349673",2.93654026255052e-07,0.0011314392555896,0.136904149926342,0.336789056800672
"cg04352944",7.13874672921338e-06,0.0117188308939431,1,0.150567393629426
"cg04378287",8.47877719188455e-15,3.9528822358513e-10,3.9528822358513e-09,0.722009902999789
"cg04386405",3.23590997493152e-05,0.0312135572313029,1,0.540167803880757
"cg04465834",2.26254090875896e-06,0.00570171315963031,1,0.840680247849801
"cg04508687",1.75422478892328e-07,0.000778890842494412,0.0817835384619132,0.764179543541093
"cg04558322",5.97337522820822e-07,0.00209386563290807,0.278484129176773,0.785015062398184
"cg04562138",4.07323037374335e-22,6.32992219770837e-17,1.89897665931251e-16,0.776927582944021
"cg04566826",3.43855156434425e-05,0.0323168675888602,1,0.592384837202682
"cg04569222",2.49103621909468e-07,0.00100099703622428,0.116134350466791,0.866610094601436
"cg04575263",1.00236338676064e-08,7.78851386963816e-05,0.0046731083217829,0.620997499317305
"cg04577910",3.26015244817987e-05,0.0313384002621338,1,0.912255856048499
"cg04607521",4.91730203420783e-05,0.0381446000676539,1,0.961408917738485
"cg04725144",2.7904077748437e-05,0.028591499303343,1,0.203220985673062
"cg04784699",1.22956029830185e-05,0.0169702206978263,1,0.802836812843072
"cg04792644",5.94497132420479e-05,0.0419708047332734,1,0.225625742943713
"cg04795724",2.43188102168826e-05,0.0266382560292252,1,0.699123137542095
"cg04829760",2.05394721642466e-05,0.0243037735487849,1,0.423541153645227
"cg04854328",2.54095724690857e-06,0.00607495967755896,1,0.760442720091945
"cg04927069",1.15330198254457e-19,1.34419940995031e-14,5.37679763980123e-14,0.497072546488735
"cg04986870",4.30461731746099e-05,0.0359007394446542,1,0.380419768652777
"cg05030405",1.92137201235191e-05,0.0233271074090253,1,0.3416759277874
"cg05092932",9.21531893758974e-06,0.0139489111252428,1,0.535022056166224
"cg05101498",1.09799414836508e-05,0.0158481347961342,1,0.0956814581175083
"cg05206587",1.34046216568528e-05,0.0178553007371991,1,0.363093860458093
"cg05209814",1.59952106799823e-08,0.000111031997094389,0.00745711117590385,0.258281526939019
"cg05298696",2.73537120021522e-05,0.0282519093383844,1,0.256163562218653
"cg05318486",4.3721700792448e-05,0.0362420368851151,1,0.28625777827751
"cg05377733",3.93910402642957e-06,0.00812586614627302,1,0.282231856612183
"cg05495879",7.53183901904553e-05,0.0463123068140936,1,0.827790767313897
"cg05497240",5.88010435325523e-10,6.37525016378318e-06,0.000274135757042677,0.290261828669616
"cg05501584",4.54979418913257e-06,0.0088381458296721,1,0.580596651164494
"cg05548912",1.57883075748089e-07,0.000707754912129241,0.073606510861441,0.84583255687479
"cg05573133",4.74706371032419e-07,0.00174261718529648,0.221312382532653,0.313657917840081
"cg05579549",1.42179421542048e-07,0.000662853259376966,0.0662853259376966,0.165051789970588
"cg05592581",4.26419685665156e-05,0.0356913276901735,1,0.630843349802823
"cg05611723",5.24328000795154e-05,0.0391888558500211,1,0.883407551363634
"cg05617469",4.91096028698609e-07,0.00177483246855465,0.22895338844355,0.722777979815567
"cg05656590",6.83204967483397e-05,0.0444855174141714,1,0.238148244560704
"cg05712010",8.23421943987814e-05,0.0481664643769905,1,0.666973011279467
"cg05732530",4.51017622246738e-05,0.0368765064570098,1,0.504291931884713
"cg05732979",1.03622174490402e-09,1.02786362440416e-05,0.000483095903469956,0.702332913308233
"cg05782110",6.45286166890342e-05,0.0431220578291224,1,0.194943879122712
"cg05800414",8.62233310916933e-05,0.049505040597201,1,0.0487834762556845
"cg05906620",2.94830363244246e-05,0.0296487041638228,1,0.997104063964117
"cg05911704",7.54782162973449e-11,1.09964449193028e-06,3.51886237417689e-05,0.334782730737354
"cg05987933",6.28526695359045e-05,0.0427531481550985,1,0.837348398405144
"cg05988291",7.48573766052719e-08,0.000392125648199632,0.0348991826897672,0.861599152601589
"cg06033738",1.65079876238642e-05,0.0208568357781412,1,0.588215813447658
"cg06067208",2.86917580172555e-05,0.0291423873931736,1,0.805524986845211
"cg06159404",3.16178274183762e-06,0.00708678639562198,1,0.65358312463553
"cg06179469",8.19950066514906e-06,0.0128709798168299,1,0.974532743783305
"cg06179710",2.21411465271105e-11,3.97015453125295e-07,1.03224017812577e-05,0.208509936857451
"cg06226150",1.91548913588137e-06,0.00511512641002538,0.893018274550117,0.959194681121177
"cg06267075",6.26315589243066e-05,0.0427531481550985,1,0.696007263207119
"cg06336230",8.20629727623751e-05,0.0481664643769905,1,0.200245146061625
"cg06336590",2.74921629952006e-06,0.00650613899382207,1,0.102340583275496
"cg06367647",7.16444380939903e-09,6.07296033442929e-05,0.00334012818393611,0.44073294064406
"cg06368093",5.84342013015649e-05,0.0417830529978547,1,0.622967996339278
"cg06381725",7.88886845284525e-05,0.0473121974162162,1,0.560340283617446
"cg06412523",7.04681023935914e-05,0.045003922669608,1,0.338996857166248
"cg06417570",3.52379396488278e-13,1.17344604326717e-08,1.64282446057403e-07,0.255491727091026
"cg06441362",5.74329243847575e-06,0.0101808921081724,1,0.424479519160517
"cg06454410",1.97297337835223e-12,5.11009969860121e-08,9.19817945748217e-07,0.795063409781474
"cg06456738",7.00168988405799e-05,0.0449669581597966,1,0.469203171941552
"cg06491590",6.27635565260953e-05,0.0427531481550985,1,0.860369855877093
"cg06500476",1.29116246514351e-05,0.0174024928491135,1,0.154652412487315
"cg06507987",1.64556355669254e-10,2.07345010865425e-06,7.67176540202071e-05,0.574999017226379
"cg06528803",8.43876899446689e-09,6.78315526576106e-05,0.00393423005414141,0.182976334233054
"cg06531475",3.76264773770809e-05,0.0334234350552108,1,0.758644056873576
"cg06579875",6.29088233697711e-05,0.0427531481550985,1,0.5998269562307
"cg06614221",7.09277496229825e-06,0.0117124064620178,1,0.257379316991062
"cg06616245",1.00956111978045e-06,0.00320181278973961,0.470666480091722,0.60069945419578
"cg06623385",6.6314976216359e-05,0.0436059784863928,1,0.266730167385434
"cg06649639",3.90407606302589e-05,0.0338941414761125,1,0.852132505596623
"cg06675951",2.59781361061277e-05,0.0274631311925208,1,0.542324771607367
"cg06719042",3.00744074076384e-05,0.0299554703077364,1,0.563386599863034
"cg06722212",1.47386545569685e-07,0.000680326079440566,0.0687129340234971,0.279846468878481
"cg06732667",1.95549410075892e-06,0.00515067202949555,0.911668949220713,0.0792230621630921
"cg06737907",5.21194471500954e-05,0.0391481672601881,1,0.0379104045687879
"cg06756227",7.98424235422998e-05,0.0474786434148368,1,0.719409227290925
"cg06767655",1.42042966985742e-10,1.94769734104282e-06,6.62217095954557e-05,0.213339081264999
"cg06846441",5.81090784698106e-11,9.03032512144398e-07,2.70909753643319e-05,0.686172133708979
"cg06861880",7.66382517937505e-05,0.046845863886623,1,0.0774772306154142
"cg06874218",2.49210931411418e-06,0.00605126974595758,1,0.574214079144701
"cg06882298",8.53098466708591e-05,0.0491616741499245,1,0.592099872020662
"cg06907033",5.21344891443408e-05,0.0391481672601881,1,0.423874543412974
"cg06907356",2.03147850756709e-10,2.42844503470344e-06,9.47093563534344e-05,0.351379044220602
"cg06913160",4.45166499312477e-05,0.0366032854458502,1,0.644263633630377
"cg06943309",3.08619499027255e-07,0.00117935400018031,0.143881188021997,0.743720989465043
"cg06970744",6.05814171370112e-09,5.23029664852386e-05,0.00282436019020289,0.323493025209529
"cg06997008",3.56230464410361e-06,0.00754281247285365,1,0.1681805478354
"cg06999381",6.64556116100897e-05,0.0436369073706032,1,0.419028125257242
"cg07062847",9.41539171175963e-06,0.0141142776673561,1,0.26286848119215
"cg07062938",3.10272422107652e-05,0.0303253240332046,1,0.918939893462624
"cg07094440",5.04081489419527e-05,0.0387161988633918,1,0.592913620807033
"cg07130890",6.57003936932533e-05,0.0436059784863928,1,0.696464102055182
"cg07207660",1.78531026441903e-05,0.022136375347461,1,0.672294034742796
"cg07244043",7.38307336892233e-05,0.0459498601224274,1,0.863341316557309
"cg07263178",2.76443516908435e-05,0.028418685849114,1,0.172237785726146
"cg07306331",1.28070667861751e-16,6.63418866590656e-12,5.97076979931591e-11,0.342843314636691
"cg07344627",1.49309385344263e-06,0.00429687526123232,0.696093792319635,0.0577607933822708
"cg07345708",1.1696505849998e-05,0.0163611099633614,1,0.20235454147468
"cg07359518",5.99149825969359e-05,0.0420043671000524,1,0.0133734486711121
"cg07376134",5.23268795272198e-05,0.0391888558500211,1,0.960588003791024
"cg07383941",2.30207112612048e-05,0.0260879277526352,1,0.811562206119122
"cg07401378",5.15993826525795e-05,0.0391156042066283,1,0.415700160680778
"cg07426472",1.05525150588871e-05,0.0154221864987107,1,0.410497107888004
"cg07438888",7.10320983317275e-05,0.0450555150083488,1,0.541717382640663
"cg07443112",6.34601796817548e-05,0.0428918066130997,1,0.368704322522138
"cg07451034",5.30966083280918e-05,0.039354716489716,1,0.869716334863017
"cg07497223",1.29455136752718e-06,0.00389375160324826,0.603531498503481,0.288554676111417
"cg07513188",1.64242277381068e-06,0.00455781118425894,0.765712278955502,0.378582862785621
"cg07521483",5.86503541396242e-05,0.0418733889021134,1,0.945397739888694
"cg07596883",6.12626315811143e-05,0.0424386184350665,1,0.824280303266116
"cg07598370",7.07816762861301e-05,0.0450541946049148,1,0.740133184628403
"cg07602690",2.45636068707792e-08,0.000154753710751609,0.0114517745956191,0.228472923111793
"cg07660862",2.00429073578017e-05,0.0238372035621769,1,0.365460763097473
"cg07695447",2.31068734333784e-06,0.0057917378260763,1,0.835166111920155
"cg07707039",3.89062863523925e-08,0.000229600770304589,0.0181384608540625,0.709759463221374
"cg07718349",1.95150398026192e-06,0.00515067202949555,0.90980871913393,0.447523419373902
"cg07761151",5.00615497982594e-05,0.0385770992890855,1,0.35660066776335
"cg07814977",4.02373701610065e-05,0.0343867878479173,1,0.458565310347281
"cg07950855",7.21043559420878e-05,0.0454880915824152,1,0.951098676032198
"cg07967677",5.41936422829169e-05,0.0399771578719564,1,0.27394368518428
"cg07998677",4.66228319227292e-05,0.0373470512849891,1,0.889611785505857
"cg08014272",7.81731222722212e-05,0.0472085662712565,1,0.338761924619438
"cg08033114",1.38500788997527e-17,9.22433061967831e-13,6.45703143377482e-12,0.855324818695688
"cg08081156",4.41519215600776e-05,0.0364318994665526,1,0.350889941330463
"cg08117436",6.76196138641957e-06,0.011422055275367,1,0.432944140073755
"cg08129754",1.29153717019476e-05,0.0174024928491135,1,0.449022786551033
"cg08140891",3.45172985416981e-05,0.0323168675888602,1,0.810234701299366
"cg08182240",3.53101362055021e-05,0.032354178139529,1,0.363951369068041
"cg08234285",3.03155957736009e-05,0.0300710714681163,1,0.789768608296111
"cg08236416",1.0351616110235e-16,6.03252074392068e-12,4.82601659513654e-11,0.757970710479572
"cg08246494",4.49582189319573e-06,0.00880669171850792,1,0.852174009067843
"cg08273874",2.31901613182457e-05,0.0260985128507532,1,0.209000671260399
"cg08334726",8.71256294447772e-10,8.83016360387394e-06,0.000406187525778201,0.296915873089229
"cg08334899",1.70711386652466e-05,0.0213955051213742,1,0.581594812044643
"cg08394510",7.7194244474528e-05,0.0469646779774604,1,0.609308310485486
"cg08447690",5.637096040156e-05,0.0408577707213021,1,0.688907952490098
"cg08459430",4.82314520876859e-05,0.0377920197934358,1,0.943760178674915
"cg08532673",4.97684166059053e-06,0.00939371811231681,1,0.673129886734383
"cg08541345",1.41190892522328e-05,0.0182845735588728,1,0.904397848183829
"cg08637473",8.78714290116037e-06,0.0135650500159175,1,0.617804384344361
"cg08692295",6.72717790106924e-07,0.0022892488190362,0.313627088207959,0.211118816998004
"cg08733494",1.78136998014756e-05,0.022136375347461,1,0.215993057362142
"cg08756735",1.10170775763619e-05,0.0158526565425867,1,0.735066700905794
"cg08822732",2.12986338509923e-07,0.000886572749021186,0.0992961478903728,0.588477830741596
"cg08891229",7.41073005426399e-05,0.0459498601224274,1,0.0825901568486525
"cg08894790",4.14819299834664e-11,6.9068746770221e-07,1.93392490956619e-05,0.17056860609404
"cg08951273",2.6504252278164e-06,0.00630434742364825,1,0.278562501023884
"cg08974500",5.61134461459122e-08,0.000319031629441946,0.0261605936142396,0.935628485560796
"cg08999332",5.49704067030605e-05,0.0403903354552921,1,0.913181644730253
"cg09028711",7.76808229593485e-05,0.0470515540081407,1,0.987113107767459
"cg09030452",6.2581534202755e-06,0.010905491448033,1,0.163997186486344
"cg09068128",1.70884504285353e-05,0.0213955051213742,1,0.210077527049116
"cg09079275",3.60347667032107e-05,0.0326208399027906,1,0.930973662056954
"cg09096612",5.13601993292044e-05,0.0390510762284945,1,0.17806562158132
"cg09112190",2.13619080474958e-05,0.024960184934624,1,0.691553784843444
"cg09119433",1.54936500267733e-05,0.0197898057132383,1,0.865832661666114
"cg09137838",1.24370383710276e-05,0.0170537035938776,1,0.0134846173325483
"cg09141635",4.25001149683376e-05,0.0356365757181182,1,0.902822172080232
"cg09234474",4.82321271727793e-05,0.0377920197934358,1,0.697468267463233
"cg09260627",3.10119474369461e-06,0.00708678639562198,1,0.63100076185518
"cg09300348",5.17139113316102e-06,0.00948073569506925,1,0.724007980000652
"cg09306186",4.55159537485096e-10,5.05236840027116e-06,0.000212199472811389,0.796676369851028
"cg09307689",2.25069672992571e-06,0.00570171315963031,1,0.291631691968234
"cg09309208",5.06587446117769e-05,0.0388446754386709,1,0.899488054514922
"cg09342225",1.32787605273268e-05,0.0177383314231648,1,0.323006619556825
"cg09382693",1.99033542856254e-05,0.0237317721180233,1,0.00687505614887289
"cg09416154",6.93899231175099e-05,0.0448466583098236,1,0.673107172797868
"cg09449030",2.55859495885897e-05,0.0272337898898329,1,0.641814411280649
"cg09459291",2.3430673931848e-06,0.00584149254710852,1,0.80633499595893
"cg09464509",5.44301980136921e-05,0.0400882277816199,1,0.00204651515291432
"cg09492693",3.22533939838509e-05,0.0311967272942264,1,0.0483677324332257
"cg09513133",2.99189889418921e-05,0.0299324075442287,1,0.912776198935217
"cg09551502",6.65563492172155e-05,0.0436415879215314,1,0.620751737417572
"cg09559242",9.3045084692885e-06,0.013993050286963,1,0.268404884875076
"cg09583957",2.37233329481498e-06,0.00586460212423386,1,0.15497853032434
"cg09585195",7.01021467751583e-05,0.0449669581597966,1,0.193266694495863
"cg09620606",8.29240157849347e-05,0.0483251210706994,1,0.861387985409399
"cg09665691",8.03247599095348e-10,8.32180577614762e-06,0.000374481259926643,0.967003009647637
"cg09672440",7.39290155587038e-05,0.0459498601224274,1,0.69998279004085
"cg09687332",2.73875807404788e-05,0.0282519093383844,1,0.467014782870038
"cg09741342",3.69361610955697e-05,0.0332431867339855,1,0.645056762288402
"cg09861958",1.74973817364682e-05,0.0218113284544842,1,0.350691526888196
"cg09893576",3.56314103063289e-05,0.0324817083108467,1,0.544366978932022
"cg09916810",6.22829199652321e-05,0.0427531481550985,1,0.462677014919026
"cg09970941",7.97376300639148e-06,0.012606891833634,1,0.58861141657188
"cg09986651",5.21461659225301e-05,0.0391481672601881,1,0.155469725154756
"cg09994928",7.67865479266359e-08,0.000396810329439272,0.035798579722329,0.131524061252574
"cg10021614",3.1481175469508e-05,0.0307046178545269,1,0.183000769719495
"cg10059056",5.03693791004245e-06,0.00941253162616034,1,0.820561785117046
"cg10071036",1.17257162590814e-05,0.0163611099633614,1,0.034833457888225
"cg10077144",1.25620915927743e-06,0.00380296114245175,0.585656015937569,0.758562016519586
"cg10089796",5.29072649444166e-05,0.0392768201950183,1,0.856737425389482
"cg10153031",1.31446059829276e-05,0.0176095793410767,1,0.788624406468791
"cg10163329",3.52608654599571e-05,0.032354178139529,1,0.325504714822285
"cg10163397",8.45255195193699e-05,0.0488915110789155,1,0.788258447067154
"cg10179315",5.20810351460016e-05,0.0391481672601881,1,0.889719716291382
"cg10211626",2.933861652117e-05,0.0296059027483077,1,0.131107373724997
"cg10257407",4.90176004049209e-05,0.038111922507207,1,0.663088858551875
"cg10322007",6.51224628837514e-05,0.0434344467790713,1,0.0858945096447879
"cg10327302",2.95718174384827e-05,0.0296487041638228,1,0.0927134244781757
"cg10331779",9.49315563550312e-06,0.0141852390886932,1,0.32763639112688
"cg10375110",3.37982700037461e-22,6.32992219770837e-17,1.57570576601764e-16,0.38395628734946
"cg10408113",1.63090032254174e-06,0.00455781118425894,0.760340408471864,0.368691821492497
"cg10424530",4.88016308281407e-07,0.00177483246855465,0.227517595067567,0.142092734249741
"cg10457247",3.32073238805852e-05,0.0316335501045918,1,0.776021761703079
"cg10483333",5.09946061057585e-05,0.0389740070786222,1,0.912893332611316
"cg10533624",2.16252897249433e-05,0.0250964127045258,1,0.700539970526145
"cg10536534",3.7709968788764e-05,0.0334234350552108,1,0.645562278674116
"cg10553672",3.35349965376293e-05,0.031839444169136,1,0.478420021536774
"cg10581632",5.58712751319529e-05,0.040763210184652,1,0.484993547190423
"cg10583647",2.37089113956166e-05,0.0261975484667083,1,0.295648195820726
"cg10599693",3.62963119124276e-06,0.00758819160555201,1,0.410714857077609
"cg10712561",1.26276898513215e-05,0.0171636812183521,1,0.577979269729681
"cg10761141",3.55082003614277e-05,0.0324592991809821,1,0.721849191265446
"cg10762199",4.84753148692628e-05,0.037855323400141,1,0.26201594852404
"cg10797798",1.4251733700453e-06,0.00417879655141793,0.66442865167545,0.611386649445856
"cg10864501",5.52058724552581e-05,0.0404677273451155,1,0.00657429287521233
"cg10900068",1.97559473358641e-05,0.0237317721180233,1,0.905125261526643
"cg10974632",3.9208218034871e-05,0.0339432086972353,1,0.00717955858992738
"cg11038231",1.24579065333403e-08,8.79998204091218e-05,0.00580798814700204,0.9536471121692
"cg11143063",8.25570821010739e-09,6.75243064723852e-05,0.00384888546892595,0.982431820539069
"cg11203401",4.04546110203071e-06,0.00823594050181936,1,0.527054063816568
"cg11276198",8.11623105268352e-05,0.0480185274472148,1,0.961331529576504
"cg11278204",7.41176056491088e-05,0.0459498601224274,1,0.775024820752723
"cg11282936",8.47012138240676e-06,0.0131628227319016,1,0.983910801821053
"cg11326255",4.37663510706996e-05,0.0362420368851151,1,0.962808731882669
"cg11399415",4.07743682234869e-05,0.0346254598089319,1,0.0659560280446174
"cg11548303",1.9183079268264e-07,0.000820488458952118,0.0894332420257809,0.997267648149388
"cg11552023",2.25075063282248e-08,0.000147791577715146,0.0104932020177753,0.101882594185707
"cg11591636",7.9665211780494e-05,0.0474786434148368,1,0.440607213012202
"cg11695041",1.1320128128251e-05,0.0162386018909039,1,0.0895759959882683
"cg11755740",7.60262581554614e-05,0.0465757237692504,1,0.458383017575151
"cg11790681",3.5191362684637e-05,0.032354178139529,1,0.149965623246629
"cg11844464",5.27572784236288e-05,0.0392768201950183,1,0.870457210951981
"cg11915787",8.08909192410053e-05,0.0479187732762768,1,0.150619953766096
"cg11930768",5.69786037838406e-06,0.0101389075921605,1,0.573317962733829
"cg11946072",4.52758842251205e-08,0.000263850308858865,0.0211080247087092,0.0173009992896366
"cg11982252",8.35736053245235e-05,0.0484611529412199,1,0.462722150139051
"cg12014818",6.60888772793664e-05,0.0436059784863928,1,0.9811887279304
"cg12019961",1.81522874452956e-05,0.0223291814711974,1,0.87037512676502
"cg12027059",8.03662422414103e-05,0.0476685310803125,1,0.38267687307259
"cg12066398",7.96382816453274e-05,0.0474786434148368,1,0.00524355761061757
"cg12071544",4.16479624663328e-05,0.0352278415903664,1,0.835838985187581
"cg12074391",4.04195537637812e-05,0.0343867878479173,1,0.970379675849399
"cg12123941",3.6319286066847e-05,0.0328146861200362,1,0.346244101957479
"cg12152352",5.62842599145471e-05,0.0408577707213021,1,0.131688934803731
"cg12252039",4.59558845560811e-05,0.0371666167409399,1,0.479060111888825
"cg12262069",3.66441459684341e-05,0.0330441598603437,1,0.274586674501468
"cg12347123",2.13823926732123e-06,0.00547728786032177,0.996866390578561,0.0769419759598639
"cg12467143",7.89473036651778e-05,0.0473121974162162,1,0.747144559317659
"cg12479630",2.51325919479594e-06,0.00607100547122601,1,0.462925648642914
"cg12481170",7.50047873940591e-05,0.0463123068140936,1,0.82116253288516
"cg12498453",7.4226921670742e-10,7.86483157390794e-06,0.000346052589251949,0.00576965979691991
"cg12503267",6.03296011504374e-05,0.042182229811052,1,0.187508303207582
"cg12580275",7.16516593178946e-05,0.0453387914497576,1,0.562985283646563
"cg12630974",4.81952456646819e-05,0.0377920197934358,1,0.00787906861032525
"cg12635120",1.00695226622023e-07,0.000499415116044965,0.0469450209082267,0.25840621769803
"cg12659065",2.37133248241688e-05,0.0261975484667083,1,0.140389250618117
"cg12673559",2.00269563114073e-06,0.00521605993015916,0.93367472749849,0.0463254228787618
"cg12690496",7.20151045692767e-08,0.000381523748706113,0.0335740898861379,0.61641141584882
"cg12774921",5.83634177324302e-05,0.0417830529978547,1,0.44964062847361
"cg12794017",3.49590341616955e-05,0.032354178139529,1,0.535799739855115
"cg12802486",8.14499459934234e-05,0.0480916832096996,1,0.968144143205585
"cg12817423",2.21913245628896e-05,0.0254196443074698,1,0.453577992498293
"cg12836136",5.68022217418911e-05,0.0409299953571334,1,0.646970446128615
"cg12861418",4.50782481819248e-05,0.0368765064570098,1,0.194124744137573
"cg12897634",1.40071699224981e-05,0.0182336421440145,1,0.0889524115829699
"cg12931523",5.71189604529797e-05,0.0410313920397892,1,0.882866964272985
"cg12956567",1.63120795506872e-05,0.0207216302322789,1,0.108937182048988
"cg13066693",4.92985574602081e-06,0.00934285820120575,1,0.286304349593296
"cg13083436",1.34844383590563e-05,0.0179104459342942,1,0.104197209268312
"cg13131111",6.63315193976927e-06,0.0112452186643196,1,0.108158101210829
"cg13154413",7.80895015195509e-05,0.0472085662712565,1,0.460802798704901
"cg13282208",3.0198152206463e-06,0.00696962888218957,1,0.816799872596123
"cg13330524",6.80449456613455e-05,0.0443680644361262,1,0.935588535707935
"cg13337307",2.90803219301314e-05,0.0294089106436543,1,0.625255174739037
"cg13433012",2.83675289021616e-05,0.0288759765981395,1,0.567221493039988
"cg13454346",6.31049374883648e-05,0.0427617584324318,1,0.0882731709902476
"cg13488811",3.01348012893967e-05,0.0299554703077364,1,0.438358704188944
"cg13491480",9.00380676727697e-06,0.0138080781222547,1,0.507711786379061
"cg13496270",2.65044343595076e-05,0.0277676535692398,1,0.118949770370451
"cg13520394",7.72655783322762e-05,0.0469646779774604,1,0.971645183733291
"cg13523819",6.42491269118231e-06,0.011012323973689,1,0.558038313141188
"cg13526248",7.85756485048506e-05,0.0473066649515078,1,0.77163093938044
"cg13532547",1.96533254687091e-05,0.0236758584326651,1,0.57218249630618
"cg13545320",2.44313920594638e-05,0.0266747889008209,1,0.52516503672555
"cg13591710",3.96504867727998e-05,0.0341689718814422,1,0.0987014558349175
"cg13597013",1.55023723519044e-07,0.00070168403027272,0.0722734551180902,0.302778779947825
"cg13610455",1.48834658731311e-10,1.95089808569862e-06,6.93880574124658e-05,0.986752739166685
"cg13652338",1.87255317834518e-07,0.000820488458952118,0.0873001144723127,0.823357497467616
"cg13667160",7.02663083565641e-05,0.0449669581597966,1,0.385979502519198
"cg13670531",2.32672960417321e-08,0.00015065865028222,0.0108474228203199,0.523077462399104
"cg13796218",6.40264949014519e-05,0.0430111356794107,1,0.872051300108418
"cg13808083",6.3568422643469e-06,0.0109358563661214,1,0.92656668934548
"cg13869635",3.12860455558765e-06,0.00708678639562198,1,0.707082642090275
"cg14037036",6.8819347070697e-05,0.0446660950989628,1,0.828545854328541
"cg14039083",1.54199479112676e-06,0.00441037944525407,0.718891849576414,0.0317255596044779
"cg14069465",7.1017200105028e-05,0.0450555150083488,1,0.111618258193715
"cg14136372",2.16399895909761e-05,0.0250964127045258,1,0.776001480096565
"cg14141549",4.23525082889024e-06,0.00851082781761246,1,0.75938178011146
"cg14199276",2.11534694625238e-05,0.0249038834460954,1,0.51734653490415
"cg14252164",3.64248356470171e-10,4.1418502932098e-06,0.000169815862021602,0.985206115557296
"cg14256008",1.18738398316228e-12,3.25628882003591e-08,5.53569099406104e-07,0.738043327751179
"cg14288953",2.37749550411983e-06,0.00586460212423386,1,0.796921077889652
"cg14368220",6.69716876186142e-05,0.0437907482650582,1,0.866439274447293
"cg14381908",2.44429789480484e-07,0.00099091624107745,0.113955367723907,0.73824720632077
"cg14440272",2.18126690703103e-05,0.0251714421648522,1,0.856184437989041
"cg14459011",5.1297491034355e-05,0.0390510762284945,1,0.907763719950006
"cg14510314",5.0037069968405e-06,0.00940634369068554,1,0.953270846443422
"cg14568183",7.65292400186686e-07,0.00253039861417472,0.356786204598635,0.694144371778762
"cg14630985",4.55721606256592e-05,0.036949828579353,1,0.719890551861131
"cg14637221",5.58150624245954e-05,0.040763210184652,1,0.916728604950976
"cg14644219",3.87368678894562e-05,0.0337546231760918,1,0.307461866636083
"cg14802684",2.03627281084626e-07,0.000855251090875519,0.0949328710871826,0.360029435012262
"cg14848555",3.4783532189592e-05,0.032354178139529,1,0.539364840984579
"cg14914422",1.9808247335444e-05,0.0237317721180233,1,0.927510887797403
"cg14985548",8.02111090723584e-05,0.0476371222286817,1,0.198932388505602
"cg14997715",7.5834144317527e-06,0.0121493335354398,1,0.751834599587372
"cg15024566",2.88406698873363e-12,6.7228899337526e-08,1.34457798675052e-06,0.781844665461462
"cg15026799",7.35882713634626e-06,0.0119123313903085,1,0.546895459918992
"cg15030294",5.13393349626474e-05,0.0390510762284945,1,0.980859401152062
"cg15048991",1.20795361370493e-06,0.00370499240981421,0.56315884629176,0.775111020055193
"cg15209769",7.91565885357182e-05,0.0473121974162162,1,0.354199427265641
"cg15242223",4.63197019427399e-07,0.00171386205738276,0.215946619230228,0.372597799953449
"cg15339142",3.86166760148751e-05,0.0337546231760918,1,0.325111344478061
"cg15372009",1.21873348332621e-08,8.7413002850466e-05,0.00568184518528029,0.953606223024679
"cg15383635",4.84057620123465e-05,0.037855323400141,1,0.931618514773874
"cg15393004",7.35954919647974e-05,0.045931567220102,1,0.628260010719732
"cg15465607",8.15767728211183e-05,0.0480916832096996,1,0.044247118111984
"cg15465878",7.32898993237211e-05,0.0458021590801779,1,0.690853840118962
"cg15501359",8.66943431579118e-05,0.0497142472685202,1,0.0527042716026883
"cg15538779",8.51739073022157e-05,0.0491446066206172,1,0.566132788631413
"cg15597424",7.08367376979049e-05,0.0450541946049148,1,0.159631972112207
"cg15602580",7.52373076627214e-05,0.0463123068140936,1,0.692549111627342
"cg15631966",1.38768182331677e-05,0.0182274712790008,1,0.973830936543535
"cg15639045",3.09661860284979e-05,0.0303253240332046,1,0.424010996945343
"cg15685514",7.74539744598962e-08,0.000396810329439272,0.0361097399789738,0.884982337365739
"cg15721102",8.13037844660381e-18,6.31742600868786e-13,3.79045560521272e-12,0.938945805887882
"cg15734764",3.5092477255706e-05,0.032354178139529,1,0.844426702516357
"cg15756653",2.76744622594111e-05,0.028418685849114,1,0.0172530863629587
"cg15770599",7.61193477513572e-09,6.33705803496651e-05,0.00354875249958125,0.30155628381915
"cg15818577",3.22292894830456e-06,0.00713890416189174,1,0.779904331538493
"cg15821554",9.75184530599697e-08,0.000488860005189628,0.0454639804826354,0.551518493442654
"cg15882762",5.27628343374315e-05,0.0392768201950183,1,0.817565406437362
"cg15893373",2.34698445470583e-05,0.0261766812355012,1,0.047431452152708
"cg15905471",7.82836330548278e-05,0.0472141452559615,1,0.113187297857708
"cg15934804",3.41007305655846e-07,0.00128210221743957,0.158980674962506,0.654412578881474
"cg15957807",3.90988140501495e-09,3.64564379990123e-05,0.00182282189995062,0.383207203801883
"cg15959715",6.45615944023548e-05,0.0431220578291224,1,0.90605215706972
"cg16026549",6.16010988914842e-05,0.0426012575524202,1,0.60568321126385
"cg16047970",4.36286237867719e-06,0.00869233207991758,1,0.438676488829036
"cg16066219",3.09448517373503e-05,0.0303253240332046,1,0.209761331932817
"cg16126754",2.59654806278354e-05,0.0274631311925208,1,0.1008277680336
"cg16145167",4.70001283644894e-05,0.0374541725961919,1,0.78059296455904
"cg16186938",1.63637396214083e-06,0.00455781118425894,0.762892268515712,0.36062783574246
"cg16194746",2.52913320023736e-08,0.000156685549999833,0.0117910466014946,0.441156658793537
"cg16241473",5.98469914673181e-05,0.0420043671000524,1,0.874792677137754
"cg16276108",3.76115532119078e-05,0.0334234350552108,1,0.827345193670195
"cg16352830",6.87888977567327e-08,0.00037290701435196,0.0320700032342686,0.796613262744914
"cg16362949",1.98879465854606e-06,0.00520895488183203,0.927193968966102,0.826238661762384
"cg16369482",2.31700149789893e-05,0.0260985128507532,1,0.358699320735465
"cg16400798",4.66143666426766e-05,0.0373470512849891,1,0.00621289130782581
"cg16436069",7.71471950217857e-05,0.0469646779774604,1,0.102799119888379
"cg16444629",1.13923993892005e-07,0.000559077802825238,0.0531123912683976,0.734819536610624
"cg16587108",5.94034028164288e-05,0.0419708047332734,1,0.331092476830001
"cg16667710",3.07825867986934e-05,0.0303224609003374,1,0.159245129179333
"cg16678835",3.56720583582761e-05,0.0324817083108467,1,0.667697610926834
"cg16696762",3.8724115028165e-05,0.0337546231760918,1,0.0635856499366783
"cg16722964",3.97511772976031e-06,0.00816403375186706,1,0.0522013100147784
"cg16879936",5.16824078385729e-07,0.00183074555266518,0.240948036760132,0.0703791295120478
"cg16907766",4.71067518366766e-05,0.0374541725961919,1,0.805500892569454
"cg16933388",1.63199711025641e-11,3.04340696310213e-07,7.60851740775533e-06,0.760813873705752
"cg16941177",8.22867272626529e-06,0.0128734271242933,1,0.059270437716713
"cg17080709",9.95459554909702e-06,0.0147209944805973,1,0.131500877195977
"cg17087669",4.52444326330242e-05,0.0368765064570098,1,0.544814844154846
"cg17089511",8.16863757512485e-05,0.0480916832096996,1,0.174986314655649
"cg17154022",7.53976025171051e-05,0.0463123068140936,1,0.431940587720391
"cg17201947",5.69005192292021e-05,0.040937552730443,1,0.585592698759923
"cg17246714",2.73908547903403e-05,0.0282519093383844,1,0.914119568623507
"cg17283139",3.071433236681e-05,0.0303224609003374,1,0.558383629214323
"cg17349760",6.28251110073056e-06,0.010905491448033,1,0.299112649788782
"cg17369527",6.09473479753139e-05,0.0423460538781269,1,0.684173820294163
"cg17372494",6.06111950556642e-05,0.0422979884971637,1,0.29834580839806
"cg17377164",6.17715447480338e-05,0.0426012575524202,1,0.716675172851836
"cg17387989",8.32703840112396e-05,0.0483454576083387,1,0.966108688474893
"cg17451432",2.12629985860463e-05,0.024960184934624,1,0.213651420221969
"cg17502213",5.1856304838445e-06,0.00948073569506925,1,0.40512965719994
"cg17505819",2.82250295670855e-05,0.0287937917055609,1,0.795677342174575
"cg17555499",7.23768351016752e-07,0.00242753467020985,0.337427319159169,0.391097430788705
"cg17592292",1.95839585488745e-05,0.0236534138111716,1,0.495452228608404
"cg17626671",1.23378991469298e-06,0.00375950302182419,0.575203962339101,0.154301439684446
"cg17640322",6.76699152354485e-05,0.0441853270476236,1,0.737853278614669
"cg17646571",2.53578674666823e-07,0.00100187000286225,0.118220660337745,0.446706282823732
"cg17661955",3.30863058718038e-05,0.0316335501045918,1,0.235582133074687
"cg17741291",3.18400403327257e-05,0.0309252361739161,1,0.00245233860657318
"cg17766062",6.87849260577767e-06,0.0115769500333827,1,0.932778743742885
"cg17819990",6.30358187421021e-05,0.0427617584324318,1,0.732832226763965
"cg17850539",2.85445010780106e-07,0.00110897527525652,0.133077033030783,0.327971491980566
"cg17880210",5.1161963742526e-06,0.00948073569506925,1,0.951511726887514
"cg17969296",1.39186068379724e-05,0.0182274712790008,1,0.281514791773889
"cg18031663",3.00692015560077e-18,2.80370647764496e-13,1.40185323882248e-12,0.310910364592411
"cg18061711",3.62422176829097e-06,0.00758819160555201,1,0.893864502035504
"cg18062874",7.53006172292841e-13,2.19411409111546e-08,3.51058254578473e-07,0.293340906585389
"cg18123319",3.53022698433823e-06,0.00754281247285365,1,0.595086558513776
"cg18169800",4.548244013738e-05,0.0369413291533237,1,0.931158610662796
"cg18195333",8.01590322019375e-07,0.00261334701005826,0.373708622438331,0.0175617358180386
"cg18235278",4.54348761463123e-05,0.0369413291533237,1,0.582754874857502
"cg18307604",5.3593459776243e-06,0.00972208299175971,1,0.598045748211458
"cg18326232",9.30032553006383e-06,0.013993050286963,1,0.791591992682139
"cg18405360",6.66918126851046e-05,0.0436689933990308,1,0.844742891085239
"cg18448361",8.54143872414279e-05,0.0491616741499245,1,0.512950724330822
"cg18480946",3.47863812207367e-06,0.00754281247285365,1,0.434229700515432
"cg18503747",4.6539122302299e-05,0.0373470512849891,1,0.887093468504053
"cg18561676",5.52107448244274e-06,0.00994049795835467,1,0.188979065157506
"cg18638598",1.03899041882145e-08,7.94076531423487e-05,0.00484386684168327,0.0148737511273966
"cg18801245",5.14304974899575e-05,0.0390510762284945,1,0.452559083324982
"cg18864479",1.17520912364796e-05,0.0163611099633614,1,0.0524165247382588
"cg18875460",7.08143029319242e-08,0.000379474314432062,0.0330142653555894,0.761719263492911
"cg18876201",1.94051971704289e-05,0.0234983832925415,1,0.821053970121889
"cg18893868",6.23292293732957e-05,0.0427531481550985,1,0.298147643460046
"cg18923188",8.22551848560073e-05,0.0481664643769905,1,0.345927227136698
"cg18937321",8.42066420099434e-06,0.0131297305567939,1,0.768157701397567
"cg19034084",1.16706000162226e-05,0.0163611099633614,1,0.451626835056731
"cg19075717",2.14988468742244e-05,0.0250573897559632,1,0.515959908162406
"cg19092620",3.80929411952786e-05,0.0335714026875419,1,0.739843909940895
"cg19227382",7.2768105597764e-05,0.0456596847141696,1,0.203708829615683
"cg19245296",1.92005542954864e-06,0.00511512641002538,0.895147121754442,0.329015191537045
"cg19296501",4.28540269677462e-13,1.33192887057373e-08,1.9978933058606e-07,0.350135656620842
"cg19361456",4.40980464651432e-05,0.0364318994665526,1,0.681212293759409
"cg19366479",7.97717995774866e-06,0.012606891833634,1,0.205439081203356
"cg19406736",2.26508841523299e-05,0.0258824658082686,1,0.616373796248098
"cg19448990",7.47330951230028e-05,0.046208543162069,1,0.163539761178474
"cg19459804",7.01229823913413e-05,0.0449669581597966,1,0.63839482294686
"cg19478698",1.26077849006564e-05,0.0171636812183521,1,0.815600164207907
"cg19508622",5.32762793497282e-06,0.00970229723412401,1,0.724628678046588
"cg19558628",1.85263817341153e-06,0.00499258144617351,0.863716590188018,0.594995852070992
"cg19567295",7.5187450236452e-05,0.0463123068140936,1,0.997906654816681
"cg19622451",6.03496442238817e-05,0.042182229811052,1,0.936278004141266
"cg19627200",1.73517832336893e-08,0.000117239963907175,0.00808955750959505,0.610282588840283
"cg19635580",2.9543732006053e-11,5.10131620548517e-07,1.377355375481e-05,0.603134320036924
"cg19737664",1.51763081478136e-05,0.0195433606431639,1,0.0179182937700714
"cg19838358",1.39999157159981e-05,0.0182336421440145,1,0.898431634912111
"cg19878637",4.17104100476015e-05,0.0352278415903664,1,0.707576514278705
"cg19924948",2.51234660905507e-05,0.0270686020142318,1,0.599846757631375
"cg19927691",1.12735375098386e-06,0.00348196844245971,0.525582464892434,0.738616957360137
"cg19975560",7.55099049171684e-07,0.00251452837582344,0.352033972615282,0.368677849642717
"cg20012172",1.69141307165508e-05,0.0213122161276552,1,0.60936147289118
"cg20021336",1.61948306498126e-08,0.000111031997094389,0.00755017580241847,0.0853537776023712
"cg20038252",6.02071304256889e-06,0.0106322371472083,1,0.805701006631108
"cg20048260",5.96148657881536e-05,0.0419708047332734,1,0.09197668340177
"cg20070852",4.60786996309879e-05,0.0371666167409399,1,0.550001433205635
"cg20158669",8.24688010803995e-07,0.00266997897797861,0.38447697282892,0.510688859464091
"cg20173334",4.69957687909194e-06,0.00905365717861395,1,0.633575947600072
"cg20184106",8.72034623562012e-06,0.0135066574689775,1,0.741415667674079
"cg20326117",2.47749932098088e-06,0.00604729047610039,1,0.884916759160983
"cg20340141",3.46304441818442e-05,0.0323168675888602,1,0.316206381100007
"cg20354430",2.51210622785577e-07,0.00100099703622428,0.117116653238241,0.890522113659212
"cg20387087",4.72998357354124e-06,0.00907473626270406,1,0.795042510433834
"cg20421996",1.83860224764341e-05,0.0224390815516122,1,0.757559712455711
"cg20424643",5.18347807425006e-07,0.00183074555266518,0.241658412951804,0.731555659476204
"cg20430861",2.72558604255207e-05,0.0282519093383844,1,0.460305591680748
"cg20436206",3.3631568397529e-09,3.19986527980482e-05,0.00156793398710436,0.486677356346793
"cg20475114",2.239066173722e-09,2.17473500371825e-05,0.00104387280178476,0.759088697105353
"cg20504236",7.00921077122822e-06,0.0116705612301555,1,0.369404549379707
"cg20517616",1.02662662315713e-05,0.0150985038282481,1,0.350027587343378
"cg20675389",2.55267840358986e-05,0.0272337898898329,1,0.63609523755342
"cg20689078",3.59903223863282e-05,0.0326208399027906,1,0.990064562602943
"cg20822628",7.72380777544507e-05,0.0469646779774604,1,0.449157139723477
"cg20836156",1.83195385072299e-05,0.0224166239577878,1,0.679628060952007
"cg20863756",6.3842068856017e-05,0.0429890266751749,1,0.482359423803222
"cg20879768",1.12777152481272e-06,0.00348196844245971,0.525777234811415,0.448694287356381
"cg20974659",1.71762512889471e-06,0.00468287891062499,0.800772293716874,0.842288986623263
"cg21005240",2.19965835163899e-07,0.000907522584477222,0.102550052045926,0.577172724352283
"cg21010475",4.39079788060154e-06,0.00871076378347815,1,0.394885802495482
"cg21091985",6.45555877713463e-05,0.0431220578291224,1,0.644796124694246
"cg21195290",1.19931959955908e-05,0.0166408806902036,1,0.637787054446574
"cg21203925",5.93408014232366e-05,0.0419708047332734,1,0.00769293281440318
"cg21222826",7.8639977643972e-05,0.0473066649515078,1,0.0341634410961776
"cg21253459",4.48361978683798e-05,0.0368011249507385,1,0.747936028060715
"cg21364020",1.31821339079116e-06,0.00393950606863689,0.614562946707355,0.247096636713085
"cg21365903",2.41837128859086e-05,0.0266382560292252,1,0.91317371940372
"cg21380183",6.33446597517538e-06,0.0109358563661214,1,0.593822248286685
"cg21387238",5.9463783066714e-05,0.0419708047332734,1,0.264705390521487
"cg21422742",2.51404513258267e-05,0.0270686020142318,1,0.642603108683173
"cg21424120",1.06302851379558e-05,0.0154390486102219,1,0.427749876587618
"cg21432729",2.29919884939067e-05,0.0260879277526352,1,0.417493174620812
"cg21448145",2.27702953045331e-05,0.0259552973193914,1,0.66454850352924
"cg21508214",3.74203382647766e-05,0.0334234350552108,1,0.872764236732699
"cg21544644",2.55659554214484e-05,0.0272337898898329,1,0.0588877222518333
"cg21548220",9.77642922397296e-11,1.38116948244825e-06,4.55785929207921e-05,0.14033578719875
"cg21559943",4.72903023047024e-11,7.60247053350793e-07,2.2047164547173e-05,0.547186702125747
"cg21587319",2.60915632834848e-05,0.0275202377801316,1,0.456463613726634
"cg21600258",3.44402347845087e-05,0.0323168675888602,1,0.972632805398449
"cg21640587",1.52985885735282e-05,0.0195943397809781,1,0.671954529431534
"cg21650077",4.03808433698048e-05,0.0343867878479173,1,0.34518756312306
"cg21768956",4.12385160197129e-07,0.00153806138520275,0.192257673150343,0.853758607784223
"cg21824733",5.6993725435466e-12,1.15526033658883e-07,2.65709877415432e-06,0.585258736178767
"cg21834048",6.65309539263055e-08,0.000364909758812105,0.031017329499029,0.996366863734766
"cg21845052",5.04737769227983e-06,0.00941253162616034,1,0.553090258836936
"cg21872543",2.12132569097841e-06,0.00547728786032177,0.988981129065355,0.0461717718464719
"cg21968376",1.15200905738097e-05,0.0163611099633614,1,0.990555938218508
"cg21991630",1.35946586103161e-36,6.33795219605685e-31,6.33795219605685e-31,0.878030940448595
"cg22004443",3.59206698982632e-05,0.0326208399027906,1,0.596338919406435
"cg22023197",3.27367511201247e-07,0.0012408266669075,0.152621680029622,0.836217128907958
"cg22080436",4.58916351004233e-09,4.17409119015184e-05,0.00213950933085332,0.718721832838422
"cg22084806",7.25241816127543e-06,0.0118221769879373,1,0.794137925320522
"cg22123924",4.02948297882437e-05,0.0343867878479173,1,0.784631852662045
"cg22149184",8.32427711661169e-05,0.0483454576083387,1,0.63537081376181
"cg22159015",4.2934553131934e-05,0.0358718191417309,1,0.332186213330617
"cg22190090",2.6979226949004e-05,0.028150776765953,1,0.734832752420532
"cg22237495",8.56580746641867e-05,0.0492411409754819,1,0.649151389189477
"cg22288235",1.48873950852362e-06,0.00429687526123232,0.694063757529286,0.961399130552515
"cg22313495",5.52239225586349e-06,0.00994049795835467,1,0.28666578296906
"cg22333214",4.40975942603877e-06,0.00871131157734792,1,0.615360729583451
"cg22349126",4.42488659867902e-05,0.0364473843866351,1,0.954855569528114
"cg22471401",9.97137573900958e-14,3.57595777839071e-09,4.64874511190792e-08,0.707759211784446
"cg22474130",4.95360081370296e-12,1.04973330988893e-07,2.30941328175564e-06,0.74389874109589
"cg22477374",3.85223634294052e-05,0.0337546231760918,1,0.972298153055737
"cg22488462",7.9054171844837e-05,0.0473121974162162,1,0.0132546011487101
"cg22494858",2.78799541395583e-06,0.0065580588303108,1,0.806020981873822
"cg22509422",3.45675300364398e-05,0.0323168675888602,1,0.466760440511555
"cg22521333",1.14382768163016e-05,0.0163577533627336,1,0.984119087964476
"cg22536398",1.81477688760491e-05,0.0223291814711974,1,0.325832909784921
"cg22658758",1.826358874317e-05,0.0224069722220119,1,0.983838420633693
"cg22663124",3.94694142985781e-05,0.0340759188346774,1,0.00331596072174565
"cg22666438",3.19303623431276e-05,0.030948487105254,1,0.468478477636023
"cg22712779",3.01011766384004e-05,0.0299554703077364,1,0.826933147268923
"cg22765853",1.19265465028918e-07,0.000574465821625874,0.0556026331856666,0.882083839633459
"cg22781921",2.13026218138136e-06,0.00547728786032177,0.993147401319622,0.426864782250792
"cg22782446",2.9560497890949e-05,0.0296487041638228,1,0.697612483225879
"cg22795764",1.82041442013751e-10,2.23340417473129e-06,8.4869358639789e-05,0.174072465127832
"cg22807436",2.33437789891745e-05,0.0260985128507532,1,0.883590957114444
"cg22903657",7.98277296641985e-05,0.0474786434148368,1,0.298335623950761
"cg22936253",6.43172096886445e-05,0.0431220578291224,1,0.688618414778693
"cg22957201",6.4734075207512e-06,0.0110548016367835,1,0.558221942183164
"cg22986084",7.66681770311027e-05,0.046845863886623,1,0.984973154441494
"cg22993498",4.32655897961448e-05,0.0359593373675205,1,0.29624928603144
"cg23027157",1.35906081492738e-05,0.0180001813484796,1,0.451454329569737
"cg23082877",5.96870578177604e-05,0.0419708047332734,1,0.532759141519714
"cg23226717",3.49398500819832e-05,0.032354178139529,1,0.916577729633918
"cg23233975",6.99048950051078e-06,0.0116705612301555,1,0.605825108793488
"cg23253914",4.71582472967374e-05,0.0374541725961919,1,0.940841548777166
"cg23274824",7.10478631696323e-06,0.0117124064620178,1,0.554995879061582
"cg23309128",7.57899038745269e-06,0.0121493335354398,1,0.673214194652722
"cg23368607",2.90060132460509e-05,0.029397531368322,1,0.389282541394194
"cg23705032",2.64055131325748e-05,0.0277263240360914,1,0.969855921899605
"cg23740473",6.29240791044546e-06,0.010905491448033,1,0.912627671818349
"cg23749856",8.17124606493064e-06,0.012869961002315,1,0.209220423165749
"cg23771603",4.6971774876334e-05,0.0374541725961919,1,0.322065170381952
"cg23815246",1.52168660696565e-05,0.0195433606431639,1,0.332096597833991
"cg23850377",4.90491464221502e-05,0.038111922507207,1,0.688771151641668
"cg23852001",2.46045745711202e-05,0.0267007382328988,1,0.588077105345457
"cg23875758",3.87647372457295e-05,0.0337546231760918,1,0.72157574792231
"cg23894571",2.36814826864698e-05,0.0261975484667083,1,0.35352258758639
"cg23934351",2.19269036769355e-05,0.0252407897193097,1,0.124699814756757
"cg24050511",3.91561041091616e-06,0.00811330139583471,1,0.856256287016931
"cg24156905",6.6162934522105e-06,0.0112452186643196,1,0.352555407539388
"cg24161018",2.80525902261861e-12,6.7228899337526e-08,1.307837003676e-06,0.986432124411311
"cg24276035",3.51487576535517e-06,0.00754281247285365,1,0.516684680924671
"cg24276105",6.38460004070398e-07,0.00220485777805671,0.297655800037656,0.655444279262475
"cg24346686",1.33437500076679e-06,0.00396240531676742,0.622097634732485,0.509790620711066
"cg24390732",6.57940956697973e-05,0.0436059784863928,1,0.0206983964225361
"cg24416232",1.15855241742296e-05,0.0163611099633614,1,0.694100903337335
"cg24433095",3.15563684795312e-05,0.0307137014456655,1,0.927944912662069
"cg24487372",3.08291913428525e-05,0.0303224609003374,1,0.615254708500105
"cg24534774",4.22588786149878e-06,0.00851082781761246,1,0.647929777350874
"cg24546680",2.81767380935891e-05,0.0287937917055609,1,0.327505897485407
"cg24599943",9.14424066469581e-06,0.0139317885491738,1,0.2166707474778
"cg24740320",1.98849648825729e-05,0.0237317721180233,1,0.90716065100767
"cg24765446",3.14980615346474e-06,0.00708678639562198,1,0.333893615170178
"cg24804172",3.8005559843703e-05,0.0335578296385851,1,0.410307345965387
"cg24828603",8.95374114887764e-06,0.013776616195634,1,0.107128136273656
"cg24840062",6.84485259127571e-05,0.0445067208051054,1,0.869747599835616
"cg24846573",2.84242800146943e-06,0.00661648501327404,1,0.874777612350275
"cg24860938",6.2145137143942e-06,0.010905491448033,1,0.381242548139046
"cg24889207",7.23344261308024e-05,0.0455100681133809,1,0.591215600827155
"cg25025455",3.88076549838918e-05,0.0337546231760918,1,0.944873097323116
"cg25031670",4.70531651286662e-05,0.0374541725961919,1,0.219334268717382
"cg25077777",5.79448076285385e-05,0.0415606012610666,1,0.101248558168284
"cg25193742",2.21889051981132e-06,0.00565282366311866,1,0.944941686364096
"cg25278663",4.24101153440381e-05,0.0356365757181182,1,0.719545975051346
"cg25313464",5.35412473215664e-05,0.0395584966284313,1,0.14417296936612
"cg25387593",4.99109603545047e-05,0.0385770992890855,1,0.546475443846081
"cg25393595",5.67529726917033e-05,0.0409299953571334,1,0.998022303865341
"cg25430995",8.2990762171103e-05,0.0483251210706994,1,0.103387657424537
"cg25487529",6.53222998367881e-05,0.0435054915494416,1,0.678683099298857
"cg25495951",1.14391313436548e-08,8.6016548138612e-05,0.00533302598459394,0.669398680901046
"cg25512936",2.36170479417954e-05,0.0261975484667083,1,0.764186631281133
"cg25533387",1.6855620389487e-06,0.00464984729358719,0.785824192616236,0.585739975414681
"cg25559421",5.64390742017391e-05,0.0408577707213021,1,0.838476367021768
"cg25669547",8.16985796114663e-05,0.0480916832096996,1,0.276238435736203
"cg25680486",3.31256008665234e-05,0.0316335501045918,1,0.639236154504304
"cg25686649",3.21696710901972e-06,0.00713890416189174,1,0.490738257218468
"cg25697769",5.50136591402364e-05,0.0403903354552921,1,0.516105875999904
"cg25729826",2.09267848976815e-05,0.0246993809123119,1,0.834124891808986
"cg25775832",3.24628585531607e-06,0.00713890416189174,1,0.77852680829675
"cg25841344",6.08863921462459e-05,0.0423460538781269,1,0.585901130883578
"cg25882455",3.99417467130161e-06,0.00816719376900374,1,0.450831066169519
"cg25893515",6.0696713930024e-05,0.0422979884971637,1,0.632093320638462
"cg25960893",1.52592920825481e-07,0.000697452872795358,0.0711401930251265,0.96276375053522
"cg26053480",3.56738025242312e-06,0.00754281247285365,1,0.922768432262307
"cg26202358",3.42582641131305e-06,0.00746332292239181,1,0.333122050201407
"cg26254149",3.74827996081126e-05,0.0334234350552108,1,0.57958282847418
"cg26270776",1.40406502871056e-05,0.0182336421440145,1,0.0448212409259688
"cg26435092",7.16731965673579e-05,0.0453387914497576,1,0.574768883318586
"cg26496628",2.47665705420718e-06,0.00604729047610039,1,0.654422773015288
"cg26522585",3.32478342358255e-05,0.0316335501045918,1,0.518929684861855
"cg26530971",6.24709341656679e-05,0.0427531481550985,1,0.684655231340421
"cg26531906",4.65569609097842e-09,4.17409119015184e-05,0.00217052741887896,0.461313023236869
"cg26551975",6.15445949485964e-08,0.000345694506823978,0.0286926440663902,0.724819766257829
"cg26616609",2.53232390129216e-05,0.0272025851082377,1,0.53225940864966
"cg26617272",2.86154831112914e-08,0.000171035843151693,0.0133407957658321,0.864588511471946
"cg26657382",2.03646960265393e-05,0.0241582813481854,1,0.911169304463914
"cg26660801",1.50645592610075e-10,1.95089808569862e-06,7.02323310851505e-05,0.231892533308713
"cg26709693",7.31304009347202e-06,0.0118794603098867,1,0.610516320295967
"cg26731834",5.61795255973915e-05,0.0408577707213021,1,0.270673494913116
"cg26745394",7.3225877465448e-05,0.0458021590801779,1,0.336533145354168
"cg26748898",7.2573128132394e-11,1.09142727398307e-06,3.38342454934753e-05,0.724268098260271
"cg26764345",9.75079792305332e-06,0.0145236733191973,1,0.960405193345782
"cg26768966",7.75806951644038e-05,0.0470515540081407,1,0.753291190680178
"cg26786045",5.28465798737492e-05,0.0392768201950183,1,0.945230353969742
"cg26858152",2.36542521219103e-08,0.000151066099006899,0.0110278252275037,0.921015930672299
"cg26862620",3.97240814739684e-05,0.0341692330256409,1,0.279175591916849
"cg26912671",1.16958142578283e-05,0.0163611099633614,1,0.441540240951079
"cg26932226",8.44022726994993e-05,0.0488808685129948,1,0.322112879628548
"cg26950898",2.48142876894978e-05,0.0268414019708424,1,0.945376500677536
"cg26965151",4.76959778193781e-05,0.0376328802335778,1,0.635483200800545
"cg26992245",7.43571889457968e-05,0.0460371722459907,1,0.526097175966289
"cg27052685",2.2138908538948e-05,0.0254196443074698,1,0.820147740692385
"cg27079446",4.24869256455009e-05,0.0356365757181182,1,0.152296116545252
"cg27099486",1.06776808387609e-05,0.0154597233110494,1,0.524351928146333
"cg27141120",6.89810545726342e-05,0.0446660950989628,1,0.892165953508697
"cg27185819",2.45373177680355e-05,0.0267007382328988,1,0.754930663699075
"cg27316956",8.26843439116358e-05,0.048305996604887,1,0.554590973103109
"cg27320127",6.58175078949503e-05,0.0436059784863928,1,0.877533467617469
"cg27339505",7.03137702157009e-05,0.0449669581597966,1,0.164457716622911
"cg27370991",7.91371903048093e-05,0.0473121974162162,1,0.332046536416358
"cg27418204",2.86978977486059e-10,3.34480455286995e-06,0.000133792182114798,0.023464704501611
"cg27438225",2.79928896102789e-06,0.0065580588303108,1,0.0572956224630614
"cg27438425",3.53238068613439e-05,0.032354178139529,1,0.468759021171298
"cg27445278",9.97800183151492e-06,0.0147209944805973,1,0.603396563824661
"cg27493581",3.36008239463737e-05,0.031839444169136,1,0.982072269141961
"cg27508620",2.73479542168502e-07,0.00107141700735156,0.127498623874835,0.612630060010619
"cg27511824",1.23036549991839e-05,0.0169702206978263,1,0.807340462947698
"ch.10.509007F",3.76306636334832e-05,0.0334234350552108,1,0.913189479764688
"ch.1.448124R",1.45884237987847e-05,0.0188400400853397,1,0.620185527772217
"ch.19.1066737F",3.05163355025264e-05,0.030205924115281,1,0.182484649545883
"ch.4.154139216R",8.41516877626928e-08,0.000426437763045187,0.0392322742001572,0.967414223244468
"ch.5.12481757R",4.51735585746036e-05,0.0368765064570098,1,0.568582520589178
"ch.5.1700054F",2.69908929565517e-05,0.028150776765953,1,0.0595305254651788
